ID,Year_Birth,Education,Marital_Status,Income,Kidhome,Teenhome,Dt_Customer,NumWebPurchases,NumWebVisitsMonth
5287,1973,Graduation,Married,34961,1,0,19-06-2014,6,8
2445,1974,PhD,Together,28440,1,0,7/7/2013,4,6
6059,1953,PhD,Together,64504,1,2,4/3/2013,3,5
4550,1966,Master,Together,33564,0,1,24-06-2014,8,3
4240,1978,Graduation,Married,17345,1,0,3/11/2012,8,3
8911,1967,PhD,Married,56320,0,1,8/4/2013,9,7
3706,1978,Graduation,Single,28647,1,0,21-08-2013,5,6
3628,1987,Basic,Single,15038,1,0,29-01-2013,9,6
10175,1958,PhD,Divorced,32173,0,1,1/8/2013,7,4
8985,1964,2n Cycle,Together,68316,0,1,4/11/2012,3,6
5204,1971,Graduation,Together,74538,0,0,29-06-2013,5,7
9220,1971,Graduation,Single,91700,0,0,17-01-2013,2,4
9888,1969,Graduation,Together,68695,0,0,25-06-2014,2,3
5263,1977,2n Cycle,Married,31056,1,0,22-01-2013,4,6
1020,1973,Graduation,Married,79593,0,0,12/5/2014,6,7
9503,1980,Graduation,Single,28071,0,0,29-08-2012,5,4
10613,1958,PhD,Together,37334,1,1,26-02-2014,7,6
67,1972,Master,Single,46423,1,1,18-09-2013,8,8
6019,1971,PhD,Married,37126,1,0,30-03-2014,7,4
5863,1953,Graduation,Married,47703,0,1,29-05-2013,6,7
3717,1959,Graduation,Married,61180,0,1,23-04-2014,5,7
6730,1954,Graduation,Married,38998,1,1,3/11/2012,5,3
10749,1991,Graduation,Single,8028,0,0,18-09-2012,4,9
4998,1962,Graduation,Together,76081,0,0,23-05-2014,5,7
6287,1986,Graduation,Together,34728,1,0,30-07-2013,7,11
5985,1965,Master,Single,33168,0,1,13-10-2012,6,9
4754,1966,Master,Married,33585,0,1,25-09-2013,3,4
4002,1960,PhD,Married,77037,0,1,13-10-2013,5,4
8870,1984,Graduation,Together,35196,1,0,13-11-2012,5,2
966,1966,Graduation,Married,44529,0,1,5/7/2013,4,4
4767,1965,2n Cycle,Married,70924,0,0,7/4/2014,4,3
9725,1966,PhD,Together,28764,1,1,5/6/2014,5,4
4475,1949,PhD,Married,69098,0,0,16-02-2013,3,10
5740,1970,2n Cycle,Divorced,25959,1,1,14-02-2013,5,6
5731,1983,Master,Married,27100,1,0,5/4/2013,5,6
7290,1985,Graduation,Single,70596,0,0,5/10/2012,4,8
3846,1974,Graduation,Married,42557,0,1,29-08-2012,6,7
8104,1951,PhD,Married,53312,0,0,9/8/2013,8,6
4507,1952,Graduation,Single,72228,0,0,27-11-2012,7,4
11013,1987,Graduation,Together,67605,0,0,31-03-2013,7,7
4491,1949,Master,Married,62845,1,1,1/10/2012,5,5
3759,1958,Graduation,Together,65196,0,2,25-07-2013,6,5
1162,1987,PhD,Single,42000,0,0,10/1/2013,8,5
2055,1973,PhD,Divorced,35860,1,1,19-05-2014,5,6
10766,1964,PhD,Married,65526,0,1,11/4/2014,5,2
4415,1961,Graduation,Married,16860,1,1,12/9/2012,6,6
3005,1992,Graduation,Single,83528,0,0,1/5/2014,9,5
2223,1965,2n Cycle,Divorced,64176,0,1,3/8/2012,3,7
4817,1956,Graduation,Divorced,22304,0,0,4/8/2012,6,5
2875,1978,Graduation,Married,67023,0,0,4/3/2014,4,7
10536,1971,PhD,Together,32892,1,0,25-05-2014,3,7
11112,1966,Graduation,Together,70713,0,1,3/12/2012,6,4
3807,1955,Graduation,Together,59925,0,1,30-11-2012,6,7
9197,1953,Graduation,Married,39722,0,1,24-02-2014,6,9
10832,1958,Graduation,Together,46610,0,0,18-07-2013,3,8
6421,1961,Graduation,Together,88347,0,0,3/7/2013,6,8
4207,1981,PhD,Married,87171,0,0,1/5/2013,2,3
577,1976,2n Cycle,Together,26907,1,1,20-08-2013,4,4
10855,1968,Master,Single,50014,1,0,22-01-2014,7,7
3081,1978,PhD,Married,41014,1,0,22-04-2013,3,9
3535,1965,Graduation,Single,66294,0,0,17-03-2014,5,8
247,1971,Graduation,Married,36715,1,0,17-11-2012,5,2
8707,1956,Graduation,Married,79456,0,0,22-08-2012,7,4
9523,1982,Graduation,Together,40479,1,0,17-08-2013,4,7
6072,1970,Master,Single,75345,0,0,2/2/2013,4,6
6295,1977,Graduation,Married,54233,0,1,4/2/2013,3,4
10914,1970,Graduation,Single,24163,1,1,12/10/2013,7,6
1509,1958,PhD,Together,84460,0,0,4/1/2013,6,4
5577,1983,Graduation,Together,43776,1,0,3/5/2014,7,4
7348,1958,PhD,Single,71691,0,0,17-03-2014,8,7
1127,1973,PhD,Married,85844,0,0,29-05-2014,3,3
1833,1974,PhD,Single,39190,1,0,26-04-2014,8,3
4944,1959,Graduation,Together,71367,0,0,23-08-2013,3,4
9080,1972,PhD,Single,38578,1,1,22-06-2013,7,5
6466,1965,PhD,Married,57236,1,1,12/3/2014,6,2
9964,1979,Graduation,Single,61825,0,1,7/8/2013,5,2
4790,1958,Graduation,Divorced,79803,0,1,2/6/2014,5,5
10245,1986,2n Cycle,Single,80910,0,0,31-10-2012,4,4
1109,1982,Master,Together,27590,1,0,23-04-2013,7,7
6001,1979,Graduation,Married,56775,0,1,2/1/2013,7,3
5538,1975,Graduation,Divorced,83829,0,0,8/10/2013,7,5
10552,1979,2n Cycle,Married,54210,0,1,20-05-2013,3,6
1545,1986,Graduation,Married,38508,1,0,2/8/2013,5,3
7409,1970,Graduation,Together,53187,1,0,26-10-2013,9,6
4444,1972,Graduation,Married,30023,1,0,24-03-2014,6,4
146,1960,PhD,Single,76045,0,0,15-11-2013,4,4
6271,1952,PhD,Married,50870,0,1,19-06-2014,7,6
10065,1970,2n Cycle,Married,15315,0,0,3/8/2013,7,4
4741,1974,2n Cycle,Married,65463,1,0,30-01-2014,3,7
246,1965,Graduation,Married,66480,1,1,31-05-2014,4,7
375,1954,Graduation,Divorced,76773,0,0,25-02-2013,6,7
1524,1983,2n Cycle,Single,81698,0,0,1/3/2013,6,7
10022,1973,PhD,Single,54466,1,1,9/2/2014,7,4
7451,1960,Master,Single,98777,0,0,17-02-2014,4,8
11010,1984,PhD,Single,16269,1,0,30-08-2013,4,4
4356,1971,Graduation,Together,71819,0,1,28-08-2013,6,7
3885,1983,PhD,Married,33569,1,0,16-10-2013,8,6
1175,1983,Master,Married,36262,0,0,20-09-2013,9,8
880,1966,Basic,Together,22634,0,0,16-01-2013,9,7
2320,1978,2n Cycle,Married,47025,0,1,12/9/2013,4,5
850,1968,Graduation,Single,70566,0,1,6/10/2013,6,6
4713,1979,PhD,Married,31605,1,0,22-11-2012,8,3
675,1973,Master,Divorced,52034,1,1,17-05-2013,6,6
5025,1979,Graduation,Single,48526,1,0,24-12-2013,10,8
2308,1954,Graduation,Married,46734,0,1,18-11-2012,7,8
5995,1962,Graduation,Divorced,39552,1,1,18-12-2012,7,7
6749,1966,Graduation,Single,86358,1,1,8/8/2012,8,9
1010,1977,Graduation,Together,46931,2,1,24-04-2014,3,9
8977,1985,Basic,Single,16581,0,0,12/1/2013,7,5
4756,1952,2n Cycle,Divorced,63998,0,0,20-12-2013,5,4
3412,1951,Master,Married,67381,0,1,15-01-2013,6,9
606,1967,Graduation,Single,25930,1,1,10/10/2013,10,3
5961,1978,Graduation,Married,42693,1,0,7/6/2014,4,7
2975,1976,Graduation,Together,85606,0,1,12/11/2012,6,3
2894,1985,Graduation,Single,72903,0,0,29-10-2013,8,2
7613,1974,2n Cycle,Together,49669,1,0,24-05-2014,9,2
10542,1968,PhD,Married,36778,1,1,5/8/2012,4,9
8015,1962,PhD,Divorced,85696,0,0,3/5/2013,4,6
10617,1989,Master,Divorced,10979,0,0,22-05-2014,7,4
11166,1961,Graduation,Married,49678,0,1,2/2/2013,2,4
849,1953,Master,Together,56129,0,1,20-06-2013,2,2
523,1989,Graduation,Married,37155,1,0,31-01-2013,6,8
4066,1978,2n Cycle,Divorced,21282,1,0,11/5/2014,7,5
8414,1962,PhD,Single,33419,0,1,17-08-2013,5,3
819,1945,Graduation,Widow,63285,0,0,5/11/2013,9,7
4961,1974,Master,Together,21255,1,0,21-01-2014,7,5
749,1981,Graduation,Together,42162,1,0,19-11-2013,5,3
5430,1956,Graduation,Together,54450,1,1,14-09-2012,6,6
7755,1954,PhD,Married,57744,0,1,12/11/2013,7,6
10525,1986,Graduation,Single,26576,1,0,13-10-2012,2,6
1453,1943,PhD,Widow,57513,0,0,6/7/2013,1,7
8310,1964,Graduation,Together,68142,0,1,29-08-2012,6,6
10710,1979,Graduation,Married,7500,0,1,29-08-2012,5,5
5031,1974,Graduation,Together,83145,0,0,22-09-2012,6,7
2613,1960,Master,Married,54197,0,1,3/4/2014,4,7
213,1963,PhD,Single,23091,1,1,28-05-2014,8,5
967,1976,Graduation,Married,46049,1,1,21-07-2013,7,4
1077,1974,Graduation,Together,56715,0,0,5/12/2012,4,7
7959,1961,Graduation,Married,79410,0,0,29-05-2014,10,2
640,1951,Graduation,Married,57304,0,1,11/3/2013,7,3
4252,1965,Graduation,Married,44375,0,1,23-03-2014,5,8
8432,1956,Graduation,Together,54450,1,1,14-09-2012,6,4
6218,1965,Graduation,Married,59594,0,1,20-10-2012,7,4
6905,1994,Graduation,Together,80685,0,0,22-08-2012,6,5
5922,1974,PhD,Married,40344,0,1,13-10-2013,6,5
3598,1972,Graduation,Married,62710,0,1,23-05-2013,9,4
6116,1968,2n Cycle,Married,48985,0,1,5/7/2013,5,8
6263,1968,Graduation,Together,35322,1,2,22-08-2012,8,6
10486,1948,Graduation,Married,77142,0,0,29-05-2013,6,6
2410,1969,Graduation,Single,81657,0,0,22-01-2014,4,8
193,1996,Basic,Married,14421,0,0,17-02-2014,5,4
3363,1974,2n Cycle,Married,20130,0,0,17-03-2014,5,9
8278,1990,PhD,Married,74214,0,0,26-08-2012,8,4
10660,1957,Master,Married,66726,1,1,12/1/2014,6,7
8686,1979,Basic,Together,23724,1,0,8/1/2013,8,8
1604,1960,Master,Married,47353,0,1,13-11-2013,4,4
5907,1952,Master,Married,33444,1,1,3/11/2012,6,7
10669,1981,Graduation,Married,54386,0,1,17-05-2013,8,5
2918,1981,Graduation,Divorced,28510,1,1,13-04-2013,4,4
5735,1991,Master,Single,90638,0,0,13-02-2014,4,5
359,1950,Graduation,Together,48070,0,1,13-01-2013,4,5
8387,1957,Graduation,Married,43140,0,1,5/1/2013,3,6
1829,1961,PhD,Divorced,54959,0,1,19-01-2013,2,5
3839,1958,Basic,Single,15056,1,1,3/5/2013,7,1
9392,1971,Graduation,Single,26954,1,0,8/5/2014,3,9
2292,1985,Graduation,Single,22327,1,0,2/8/2013,8,7
10466,1965,Graduation,Married,44393,1,1,22-08-2013,1,9
9855,1952,PhD,Single,62000,0,1,25-08-2013,7,4
4088,1962,PhD,Together,31497,0,1,6/12/2012,5,8
5231,1974,2n Cycle,Married,45894,0,2,27-02-2014,4,2
590,1970,Master,Divorced,78579,0,0,22-12-2012,5,6
8732,1969,Master,Widow,67369,0,1,17-11-2012,6,6
2315,1960,Graduation,Divorced,58401,0,1,20-04-2014,5,7
3515,1952,Graduation,Single,62307,0,1,17-02-2014,5,9
2245,1969,Master,Married,43641,1,1,22-04-2013,8,7
6283,1968,Master,Divorced,63841,0,1,21-04-2013,6,8
2246,1965,2n Cycle,Married,46891,0,1,1/9/2013,1,7
6606,1969,Master,Married,70091,1,0,31-03-2013,4,5
5545,1972,PhD,Married,78075,0,0,5/4/2014,8,6
7342,1961,2n Cycle,Widow,59184,0,1,9/9/2012,7,9
837,1977,Graduation,Married,54809,1,1,11/9/2013,5,4
9500,1959,Graduation,Married,58113,0,1,25-01-2013,6,6
3602,1958,Master,Married,51412,0,1,31-12-2013,8,7
234,1979,Graduation,Divorced,15287,1,0,10/10/2012,3,8
2995,1957,Master,Together,66636,0,0,17-08-2013,4,7
1118,1956,Master,Married,50965,0,1,20-02-2013,5,4
7789,1965,PhD,Married,84618,0,0,22-11-2013,3,8
3068,1990,Graduation,Married,18351,0,0,29-10-2013,5,4
8955,1957,PhD,Together,40451,0,2,16-02-2014,4,4
945,1965,Graduation,Together,36317,0,1,22-05-2013,3,4
5644,1957,Graduation,Together,42213,0,1,12/10/2013,5,6
7192,1955,Graduation,Together,65748,0,1,15-04-2013,4,4
2324,1972,Graduation,Together,77044,0,1,27-10-2013,7,8
697,1969,Graduation,Together,74918,0,0,12/3/2013,6,7
3439,1972,Graduation,Married,56721,1,1,31-10-2012,2,6
1506,1975,Graduation,Single,42160,1,1,28-06-2013,7,9
232,1965,Graduation,Single,61559,0,1,17-07-2013,7,6
8876,1963,PhD,Together,33629,1,1,8/8/2012,2,7
4500,1991,PhD,Together,68682,0,0,6/10/2013,10,7
9739,1963,Graduation,Single,34377,0,1,19-01-2013,6,4
10395,1986,Basic,Single,8940,1,0,22-08-2012,1,6
1176,1973,Graduation,Married,26228,1,0,22-09-2013,1,8
1627,1957,2n Cycle,Divorced,77297,0,0,26-01-2013,6,6
938,1981,Graduation,Married,40211,1,1,30-07-2013,3,10
2740,1958,PhD,Widow,33438,1,1,22-09-2013,6,5
257,1959,PhD,Married,75032,0,1,28-04-2013,7,4
4058,1955,PhD,Single,61284,0,0,12/10/2013,7,7
7736,1986,Graduation,Married,22518,1,0,22-10-2012,3,7
8210,1975,Master,Married,54730,0,1,15-08-2013,9,5
833,1955,Master,Married,38452,1,1,30-03-2014,4,6
6230,1971,Graduation,Divorced,44421,1,1,15-02-2013,6,5
7325,1986,PhD,Together,38197,1,0,29-06-2013,6,3
1307,1978,Graduation,Divorced,41986,0,1,9/2/2014,8,2
1502,1983,Graduation,Together,28427,1,0,21-03-2013,4,4
6211,1976,PhD,Together,37395,1,0,2/5/2014,6,5
843,1971,Graduation,Married,64722,1,0,26-05-2014,5,2
4174,1956,Master,Together,55249,0,1,17-04-2014,6,6
9757,1972,Graduation,Together,84906,0,0,4/10/2013,7,7
6918,1989,Graduation,Married,28691,1,0,4/7/2013,5,6
286,1952,Graduation,Single,44213,1,1,29-11-2013,5,9
11086,1984,Basic,Single,25707,1,0,18-01-2014,3,5
1921,1967,PhD,Married,59062,2,1,3/10/2013,5,9
4138,1962,Graduation,Single,76624,0,1,24-05-2014,7,7
7718,1947,Master,Together,66000,0,0,20-04-2014,3,10
1291,1978,PhD,Together,27683,1,0,4/8/2012,5,5
6862,1971,Graduation,Divorced,1730,0,0,18-05-2014,5,6
4136,1992,Basic,Single,7500,1,0,3/12/2012,3,4
803,1968,Graduation,Together,40521,1,1,5/4/2013,6,4
4298,1973,PhD,Together,20427,1,0,24-03-2014,6,5
10833,1975,Graduation,Married,65106,0,1,24-05-2014,5,3
9606,1965,PhD,Married,69969,0,0,27-08-2013,5,5
8534,1952,Graduation,Married,67433,0,2,16-07-2013,5,7
5153,1967,PhD,Married,77766,0,1,22-02-2013,4,9
961,1972,Graduation,Married,74716,0,1,12/9/2013,9,6
5011,1963,Graduation,Divorced,68118,0,1,18-10-2013,3,5
6653,1970,PhD,Married,55158,1,1,30-07-2012,5,5
9094,1955,2n Cycle,Married,62972,0,1,3/8/2012,4,4
810,1975,Graduation,Married,74190,0,1,12/5/2014,5,4
5493,1976,Graduation,Married,39356,1,1,19-03-2014,7,6
2147,1969,Graduation,Together,76653,0,0,16-08-2013,8,6
5107,1973,PhD,Divorced,35860,1,1,19-05-2014,4,5
3979,1983,PhD,Divorced,90687,0,0,22-05-2013,4,4
6049,1982,Master,Together,73450,0,0,5/12/2013,6,5
8147,1960,Graduation,Married,31454,1,1,6/7/2013,5,6
1857,1952,Graduation,Single,47139,1,1,6/3/2014,5,2
3910,1975,Graduation,Divorced,83829,0,0,8/10/2013,10,7
5207,1963,PhD,Married,53378,1,1,24-09-2012,10,6
11114,1970,Graduation,Together,19656,1,0,8/2/2013,5,6
5429,1948,PhD,Married,45579,0,1,20-08-2013,5,7
9400,1958,2n Cycle,Single,85485,0,0,21-06-2014,4,5
1740,1944,Graduation,Married,55956,0,0,7/4/2014,6,6
7488,1963,Master,Single,64191,0,1,22-01-2013,6,7
195,1972,Graduation,Single,38808,1,0,26-08-2012,7,6
635,1966,Master,Married,57183,1,1,19-03-2013,7,10
7527,1968,Master,Divorced,23748,1,0,21-11-2012,5,6
10319,1971,Graduation,Married,66303,0,1,26-02-2013,6,7
2296,1975,Master,Married,37368,1,0,16-12-2013,7,6
10637,1964,Graduation,Married,40800,1,2,1/1/2013,4,7
2931,1978,Graduation,Divorced,71847,0,0,21-09-2012,5,4
907,1975,Graduation,Married,46149,0,1,29-11-2013,4,7
3698,1983,Graduation,Together,78687,0,0,9/8/2012,4,8
9516,1971,2n Cycle,Divorced,49118,0,0,18-08-2012,3,6
679,1957,PhD,Married,37633,1,1,20-09-2012,5,4
7384,1951,Master,Together,39767,0,0,21-07-2013,6,6
5043,1951,Basic,Married,26997,0,0,5/11/2012,9,7
5267,1970,Graduation,Divorced,33986,1,0,14-03-2013,5,6
339,1972,PhD,Married,57091,0,1,23-11-2012,4,9
2516,1969,2n Cycle,Married,46831,1,1,8/6/2013,2,12
9010,1972,Master,Married,83151,0,0,10/2/2013,6,4
378,1971,Graduation,Married,52531,0,0,30-12-2012,7,4
4808,1956,Graduation,Married,15759,0,0,5/9/2013,7,5
5068,1971,Graduation,Single,22804,1,0,31-07-2013,7,7
7628,1973,2n Cycle,Married,43050,1,0,18-03-2014,7,7
7128,1977,PhD,Single,42997,1,1,7/12/2013,5,11
2811,1963,PhD,Single,48918,1,1,12/4/2014,8,8
3551,1954,Master,Together,60033,0,1,29-03-2014,8,4
1663,1978,PhD,Together,34043,1,0,25-10-2013,7,7
5543,1966,Graduation,Together,57811,0,1,24-06-2013,7,5
1577,1946,Graduation,Married,78569,0,0,19-02-2014,5,6
10641,1978,Graduation,Single,7500,1,1,27-12-2012,8,4
5336,1971,Master,Together,157733,1,0,4/6/2013,6,7
6024,1953,Graduation,Together,94384,0,0,4/3/2013,7,8
1878,1985,2n Cycle,Married,23148,0,0,18-02-2014,7,4
3099,1970,Graduation,Divorced,44267,1,1,25-02-2013,9,9
6055,1979,Graduation,Married,71626,0,0,1/11/2012,7,6
5841,1966,Graduation,Together,60894,0,1,28-06-2013,5,3
3972,1976,Graduation,Together,50200,1,1,3/4/2013,8,10
4394,1965,PhD,Married,81051,0,0,23-05-2014,7,3
5758,1982,Graduation,Married,65169,0,0,14-01-2014,7,4
6658,1972,Graduation,Together,59868,0,1,22-07-2013,7,6
4603,1960,PhD,Married,65695,0,1,31-01-2014,1,7
8427,1956,Master,Single,64857,0,0,23-11-2012,4,5
10260,1965,Master,Together,45143,0,1,26-08-2013,5,8
7143,1955,2n Cycle,Together,74805,0,1,6/11/2013,3,9
8789,1989,2n Cycle,Married,59060,1,0,11/1/2014,3,7
6197,1962,PhD,Single,27238,1,1,20-04-2013,3,7
4554,1965,Graduation,Together,47009,0,1,1/10/2013,5,4
4937,1973,2n Cycle,Married,46094,1,1,10/6/2014,3,4
1920,1972,Graduation,Married,40321,1,1,29-07-2013,7,7
8749,1984,Graduation,Together,37235,1,0,1/2/2014,7,7
1650,1960,Master,Married,81843,0,0,22-04-2013,4,5
10377,1958,Master,Together,46692,0,1,6/6/2013,7,6
9206,1968,Graduation,Together,77382,0,1,7/1/2014,5,6
10971,1977,Graduation,Single,37774,2,0,3/9/2012,4,6
6398,1974,Basic,Married,18393,1,0,29-03-2014,7,5
9212,1962,Master,Married,72828,0,1,14-02-2013,5,7
7937,1982,Graduation,Married,24711,0,0,18-04-2014,7,11
839,1975,PhD,Married,45503,1,0,25-09-2013,9,5
4246,1982,Master,Single,6560,0,0,12/12/2013,9,7
158,1945,PhD,Together,71604,0,0,17-11-2013,7,9
4832,1979,Graduation,Married,27244,1,0,7/3/2014,5,7
5621,1969,Graduation,Married,48752,1,1,12/12/2012,3,9
1945,1962,Graduation,Married,71434,0,1,18-09-2013,8,5
5147,1948,Graduation,Single,90842,0,0,29-07-2013,3,6
2535,1978,Master,Married,88097,1,0,18-08-2012,2,4
11039,1975,Graduation,Married,51948,0,1,17-09-2013,7,7
9495,1982,Graduation,Together,71853,0,0,8/5/2013,4,6
9635,1983,Master,Married,35876,0,0,20-04-2014,7,7
2173,1952,Graduation,Widow,40049,0,1,16-10-2013,6,7
942,1982,Graduation,Single,39660,1,0,8/8/2012,6,9
9386,1962,Graduation,Together,50127,0,1,29-05-2014,7,5
5510,1977,Master,Married,43263,0,1,21-11-2012,6,5
873,1949,Master,Married,62845,1,1,1/10/2012,4,6
2253,1990,Graduation,Married,18929,0,0,16-02-2013,6,2
5181,1982,Basic,Single,24367,1,0,20-03-2013,6,6
979,1975,Graduation,Single,33249,1,0,20-02-2013,1,5
10390,1959,2n Cycle,Married,26887,0,1,10/2/2013,7,6
4698,1983,PhD,Married,50150,0,0,20-06-2013,5,9
7793,1976,Graduation,Together,62061,0,1,31-08-2013,2,4
1745,1962,PhD,Divorced,85696,0,0,3/5/2013,7,6
10590,1956,PhD,Together,76542,0,0,30-03-2013,9,7
5080,1993,Graduation,Single,70515,0,0,21-10-2013,4,8
8369,1987,Graduation,Together,18227,1,0,8/11/2012,5,5
5232,1965,Graduation,Married,69139,0,1,27-01-2014,3,6
2407,1982,Graduation,Married,69109,0,0,9/11/2012,5,6
3834,1962,Graduation,Single,69627,0,1,17-03-2013,1,2
7912,1978,Graduation,Married,38136,1,0,22-04-2013,7,6
7712,1946,PhD,Single,62159,0,0,28-04-2014,5,5
1065,1963,Graduation,Single,80695,0,0,29-12-2013,5,4
7275,1971,Master,Single,33316,1,1,4/10/2013,4,5
1343,1968,Graduation,Together,58554,1,1,26-09-2012,5,1
1384,1992,Basic,Married,17256,1,0,23-11-2013,5,3
9967,1974,Graduation,Divorced,53034,1,1,30-05-2013,5,8
6181,1950,2n Cycle,Together,52203,0,0,31-07-2012,5,6
10507,1977,2n Cycle,Divorced,59601,0,1,25-07-2013,3,5
2674,1958,Master,Single,75154,0,1,4/9/2012,6,8
2698,1976,Graduation,Single,47025,0,1,7/11/2013,5,7
3231,1973,Graduation,Married,37971,1,0,25-11-2013,8,5
4096,1968,Master,Divorced,41335,1,0,26-12-2013,4,5
10476,1958,Graduation,Married,67267,0,1,13-05-2014,4,9
5948,1975,Graduation,Single,57338,0,1,29-04-2014,4,6
9140,1960,2n Cycle,Together,50523,1,1,25-12-2013,6,7
10258,1965,Master,Single,35791,2,1,6/5/2013,7,6
5675,1960,PhD,Divorced,50611,0,1,4/10/2012,7,7
4743,1969,PhD,Married,56242,0,1,3/3/2013,3,8
8805,1960,Graduation,Single,48904,0,1,2/12/2012,7,9
1542,1975,Graduation,Single,56243,1,2,30-12-2013,2,9
6770,1985,Graduation,Married,21355,1,0,20-08-2013,7,7
8773,1971,Master,Together,57420,0,1,25-06-2013,6,3
10475,1970,Master,Together,,0,1,1/4/2013,4,2
10420,1955,Master,Divorced,46390,0,1,5/5/2014,7,10
7514,1956,2n Cycle,Together,54342,1,1,3/7/2013,6,4
2902,1958,Graduation,Together,,1,1,3/9/2012,6,7
4345,1964,2n Cycle,Single,,1,1,12/1/2014,7,8
793,1973,Graduation,Married,20895,1,0,6/10/2012,4,5
10909,1948,Graduation,Married,92344,0,0,15-01-2014,4,5
3769,1972,PhD,Together,,1,0,2/3/2014,5,7
8702,1976,2n Cycle,Together,26907,1,1,20-08-2013,6,5
4791,1980,Graduation,Together,44964,1,1,16-12-2012,7,6
2963,1979,Graduation,Together,75507,0,0,2/5/2014,6,7
8216,1972,Master,Married,53761,1,1,11/10/2013,3,6
8140,1973,Graduation,Together,22682,1,0,3/10/2013,3,7
10146,1972,PhD,Together,38887,1,0,2/3/2014,5,7
5289,1975,2n Cycle,Single,41658,1,1,9/11/2012,4,3
2587,1972,PhD,Married,29791,1,0,15-05-2014,1,5
4405,1956,Master,Married,63915,0,2,30-07-2013,9,6
8663,1974,Graduation,Divorced,39996,1,1,22-05-2014,6,3
2589,1972,Graduation,Divorced,26759,1,0,7/2/2014,5,3
3421,1968,Master,Divorced,63841,0,1,21-04-2013,2,7
10490,1969,PhD,Married,51039,1,1,10/12/2012,4,8
4094,1961,Graduation,Married,60544,1,1,25-08-2012,4,3
9958,1972,Graduation,Married,65685,0,1,29-03-2014,5,6
2534,1953,Graduation,Married,37716,0,1,21-04-2014,10,6
4188,1957,Graduation,Single,36864,0,1,13-08-2012,6,4
6613,1970,Master,Married,44511,1,0,12/10/2012,8,6
10827,1967,PhD,Married,36947,1,1,7/8/2012,5,8
5491,1951,Master,Together,47352,0,1,11/4/2013,2,7
8402,1953,Master,Married,67087,0,1,17-12-2013,4,2
8783,1950,Graduation,Married,57045,0,1,8/9/2012,6,3
10010,1953,PhD,Divorced,36957,1,1,6/9/2012,5,7
618,1977,PhD,Married,69389,0,1,28-09-2012,9,8
9121,1972,Graduation,Married,80134,1,0,20-05-2013,7,6
361,1969,Master,Married,43142,1,1,18-02-2014,4,8
4310,1944,Graduation,Married,80589,0,0,22-01-2014,5,6
2678,1990,Graduation,Single,34412,1,0,13-02-2013,5,6
6376,1979,Graduation,Single,57537,1,0,10/6/2013,7,7
524,1966,Basic,Together,22634,0,0,16-01-2013,7,8
10341,1948,Graduation,Together,51315,0,0,23-02-2014,8,5
5654,1972,Graduation,Married,36026,2,1,16-03-2014,5,6
4098,1973,Graduation,Married,24639,1,1,28-01-2014,4,5
5824,1972,PhD,Together,34578,2,1,11/4/2014,7,9
7000,1972,2n Cycle,Single,65704,0,0,13-10-2013,6,4
2561,1966,Graduation,Single,63810,0,1,11/11/2012,1,7
5229,1969,PhD,Together,54132,0,1,16-02-2014,4,8
4086,1959,Graduation,Married,18690,0,0,28-12-2012,4,7
2428,1970,Graduation,Married,28164,1,0,4/5/2013,7,7
8254,1974,PhD,Married,34596,1,0,13-04-2013,6,7
2836,1972,PhD,Married,43269,1,0,16-09-2013,9,8
8418,1958,2n Cycle,Single,38741,1,1,30-03-2014,5,4
1362,1972,Graduation,Single,31907,0,0,4/3/2013,4,8
7152,1983,Master,Married,27100,1,0,5/4/2013,3,5
10033,1973,2n Cycle,Divorced,31163,1,0,13-02-2014,7,5
9349,1985,Graduation,Married,92533,0,0,19-12-2013,5,5
274,1973,Graduation,Single,34853,1,1,23-12-2013,3,3
3388,1967,Graduation,Divorced,70844,1,1,30-10-2013,7,6
922,1979,2n Cycle,Married,31086,1,1,4/5/2013,5,6
8588,1961,Graduation,Married,60544,1,1,25-08-2012,8,5
2518,1986,2n Cycle,Together,20491,0,0,25-01-2013,6,4
574,1964,Graduation,Married,42523,0,0,23-04-2014,4,4
3220,1983,Graduation,Married,39922,1,0,14-02-2013,6,5
5967,1952,Graduation,Together,33402,1,1,18-07-2013,10,7
1183,1949,Master,Married,36408,1,1,21-09-2013,4,6
6856,1979,Graduation,Together,21645,1,0,3/9/2012,4,5
4530,1948,Master,Widow,78427,0,0,24-10-2012,5,9
1553,1946,Graduation,Together,82657,0,0,27-09-2013,4,6
4682,1958,Graduation,Married,51876,0,0,15-10-2013,8,6
8204,1971,2n Cycle,Married,78041,0,0,16-12-2012,9,7
5221,1957,Graduation,Married,52852,0,1,1/12/2012,5,10
1232,1982,PhD,Together,70038,0,0,25-10-2013,6,7
1927,1973,2n Cycle,Together,69401,0,1,23-03-2014,9,3
5788,1972,Graduation,Together,46053,1,0,17-02-2013,8,5
6652,1965,Graduation,Married,77343,0,0,9/6/2014,4,9
6246,1953,Graduation,Single,73892,0,0,13-11-2013,3,2
5975,1967,PhD,Single,40304,1,0,30-09-2013,7,4
6875,1965,PhD,Together,32727,0,0,28-08-2012,6,7
4399,1969,Graduation,Together,68695,0,0,25-06-2014,8,5
4042,1971,Graduation,Divorced,43300,0,1,13-10-2012,7,5
2157,1972,Graduation,Together,26290,1,1,12/1/2013,8,7
10133,1970,Graduation,Single,93790,0,0,12/2/2014,8,7
2525,1974,PhD,Married,38410,0,0,14-09-2012,4,6
8233,1950,Master,Widow,64866,0,1,26-01-2014,7,5
9483,1959,Graduation,Together,57957,0,1,19-08-2013,4,3
2945,1955,PhD,Together,46015,1,1,13-04-2014,6,7
10403,1978,Graduation,Together,16531,1,0,18-06-2014,1,4
5074,1986,Master,Married,28072,1,0,8/7/2013,5,4
10524,1963,Master,Divorced,49476,0,1,20-06-2013,6,6
4690,1953,Graduation,Married,50725,0,1,13-02-2013,8,7
7521,1952,Graduation,Together,83844,0,0,12/5/2013,2,3
7196,1950,PhD,Married,41145,1,1,8/2/2014,4,9
4406,1970,Graduation,Together,67419,0,1,16-01-2013,8,4
9672,1970,2n Cycle,Married,23162,1,1,21-12-2013,1,5
4864,1977,Graduation,Married,34380,1,0,2/5/2013,8,7
4706,1966,Graduation,Single,34704,0,1,27-04-2013,7,3
4070,1969,PhD,Married,94871,0,2,1/9/2012,5,8
25,1958,Graduation,Married,65148,0,1,16-11-2012,5,6
3697,1954,Graduation,Together,39898,0,1,12/2/2013,4,7
217,1956,Master,Single,64857,0,0,23-11-2012,9,9
4220,1970,PhD,Married,59892,0,1,2/11/2013,11,6
5286,1987,Master,Single,41020,0,0,28-10-2013,8,7
9559,1961,PhD,Married,57072,0,1,24-01-2014,8,5
2849,1979,Graduation,Single,60474,0,1,1/4/2013,4,7
7787,1960,Graduation,Together,62807,0,1,31-08-2012,6,4
3102,1981,2n Cycle,Together,19414,1,0,16-10-2013,4,7
5868,1980,Graduation,Married,19107,1,0,22-08-2013,8,1
8370,1976,2n Cycle,Together,75484,0,1,2/8/2012,6,8
9988,1976,Master,Single,70379,0,1,3/3/2013,10,4
2939,1970,Master,Together,79419,0,0,22-06-2014,8,5
5529,1946,PhD,Together,64014,2,1,10/6/2014,5,8
9743,1955,Graduation,Married,76998,0,1,11/1/2013,5,4
5763,1972,Master,Together,49854,1,0,10/11/2013,5,4
3478,1971,PhD,Married,60585,1,1,24-06-2013,5,7
7494,1950,PhD,Divorced,42873,1,1,21-01-2013,8,4
1763,1988,Graduation,Together,87679,0,0,27-07-2013,4,7
7250,1978,Graduation,Together,57867,1,0,1/10/2013,6,7
2005,1990,Graduation,Married,35765,1,0,11/12/2013,2,3
10770,1959,Graduation,Married,65492,0,0,26-01-2014,7,8
6885,1977,Graduation,Divorced,32952,1,0,1/12/2013,8,4
2072,1969,PhD,Together,53374,0,1,16-08-2012,6,7
9463,1959,Graduation,Together,71706,0,1,13-11-2012,4,8
6318,1988,Graduation,Married,68487,0,0,13-01-2013,5,4
4093,1975,Master,Together,53253,1,1,11/2/2013,5,4
5751,1973,2n Cycle,Divorced,31163,1,0,13-02-2014,6,5
3340,1977,Graduation,Married,42014,1,0,17-08-2012,7,6
3594,1973,Master,Married,54108,1,1,5/11/2012,5,10
3584,1955,PhD,Single,49667,0,0,20-08-2012,6,6
3643,1974,Master,Married,63206,0,0,20-03-2014,8,6
851,1972,Master,Married,57136,1,1,9/7/2013,5,6
7706,1975,2n Cycle,Together,46772,0,1,7/11/2012,6,5
3967,1971,PhD,Married,78931,0,0,25-10-2013,6,5
10128,1958,Graduation,Together,53977,0,1,8/6/2013,7,5
486,1988,Graduation,Married,84219,0,0,2/2/2014,9,9
9,1975,Master,Single,46098,1,1,18-08-2012,5,4
9451,1965,Graduation,Married,73538,0,1,25-11-2012,7,6
9264,1986,Graduation,Married,79529,0,0,27-04-2014,7,5
3865,1977,2n Cycle,Together,20981,0,0,30-04-2013,7,3
2853,1980,Graduation,Single,51766,1,0,11/3/2014,4,4
1490,1962,Graduation,Married,55759,0,1,28-11-2012,2,6
6310,1978,Graduation,Married,33039,1,0,9/9/2013,9,8
10380,1972,Master,Married,37787,1,0,20-09-2013,5,6
3887,1970,Graduation,Single,27242,1,0,11/11/2012,7,9
4278,1983,PhD,Single,87188,0,0,3/6/2013,9,5
8643,1971,Graduation,Together,69930,0,0,26-05-2013,6,9
1998,1976,Graduation,Single,37697,1,0,7/2/2014,9,6
10795,1973,PhD,Married,37401,1,0,6/5/2014,6,3
11110,1973,Graduation,Single,3502,1,0,13-04-2013,5,7
2408,1976,Graduation,Married,58597,1,1,20-11-2012,8,7
202,1948,PhD,Widow,82032,0,0,5/4/2014,5,6
7998,1958,Graduation,Together,28087,1,1,11/12/2012,5,6
830,1987,PhD,Single,74004,0,0,24-02-2014,5,3
3536,1960,Graduation,Together,19740,0,1,24-03-2013,6,8
6050,1975,2n Cycle,Married,57036,0,1,11/12/2012,3,3
125,1958,2n Cycle,Together,53083,1,1,15-05-2013,4,9
3463,1975,PhD,Married,69283,0,1,14-06-2014,4,7
2804,1975,Master,Single,46098,1,1,18-08-2012,7,5
3745,1988,2n Cycle,Married,23331,1,0,4/9/2012,7,6
9771,1988,2n Cycle,Single,23331,1,0,5/10/2012,5,6
451,1989,Graduation,Single,9255,1,0,20-12-2013,9,4
10530,1959,PhD,Widow,67786,0,0,7/12/2013,9,6
1079,1971,PhD,Married,71969,0,1,16-10-2012,2,6
8920,1967,Master,Single,59235,1,0,12/1/2013,4,7
6678,1989,Graduation,Together,31928,1,0,28-03-2014,4,5
3852,1961,Master,Together,74881,1,1,8/3/2013,6,5
528,1978,Graduation,Married,65819,0,0,29-11-2012,9,7
73,1953,PhD,Single,51411,1,2,26-05-2013,7,2
5589,1964,Graduation,Divorced,51983,0,1,31-08-2012,6,5
10212,1986,Master,Together,42386,1,0,13-01-2013,3,8
6365,1987,2n Cycle,Married,30390,0,0,2/9/2013,9,3
5636,1963,Graduation,Single,30983,0,0,9/11/2012,4,11
591,1957,Graduation,Widow,66033,0,1,20-01-2013,7,7
2217,1975,2n Cycle,Married,37284,1,1,29-03-2013,9,3
2544,1951,Master,Divorced,57530,0,1,12/10/2013,7,4
7725,1965,2n Cycle,Married,76800,0,0,8/3/2014,5,7
8091,1956,Graduation,Married,63943,0,1,2/9/2012,5,6
7321,1962,Graduation,Together,76081,0,0,23-05-2014,7,6
5462,1974,Graduation,Married,67445,0,1,12/8/2012,9,8
7791,1967,Master,Married,37054,1,1,15-09-2013,4,5
955,1962,Master,Together,47175,1,1,28-10-2012,5,11
4037,1976,Graduation,Divorced,31859,1,0,14-06-2013,6,5
6642,1961,Graduation,Divorced,27215,2,1,23-01-2013,3,5
2793,1976,PhD,Divorced,70179,0,1,21-07-2013,6,9
5424,1983,Graduation,Married,39922,1,0,14-02-2013,8,6
879,1976,Master,Married,49681,0,2,4/11/2013,10,5
9530,1988,Graduation,Married,24645,1,0,1/11/2012,6,6
4828,1954,Graduation,Divorced,79865,0,1,18-06-2014,4,5
10699,1985,Graduation,Married,44322,1,0,16-06-2014,7,7
1497,1952,Graduation,Single,47958,0,1,19-01-2013,2,5
7476,1964,Master,Single,63972,0,1,2/12/2012,5,4
4390,1954,Graduation,Together,75315,0,1,15-04-2014,9,5
10478,1950,PhD,Married,55517,1,1,27-09-2012,4,6
1081,1957,PhD,Married,75283,1,2,27-03-2013,7,7
4261,1946,PhD,Single,82800,0,0,24-11-2012,4,8
9916,1954,Graduation,Married,38998,1,1,3/11/2012,5,5
5350,1991,Master,Single,90638,0,0,13-02-2014,4,6
8135,1986,Master,Married,27161,1,0,28-10-2013,6,6
8685,1977,Graduation,Married,42014,1,0,17-08-2012,6,7
4967,1960,PhD,Together,38201,0,1,29-03-2013,2,9
2130,1982,Graduation,Together,45203,2,0,23-03-2014,5,6
9298,1947,PhD,Together,81574,0,0,28-04-2014,1,6
8175,1992,Graduation,Married,34935,0,0,21-06-2013,4,5
6257,1976,Master,Single,60482,0,1,23-01-2013,8,2
3790,1956,Graduation,Together,34633,2,1,23-01-2014,4,8
9952,1947,Master,Together,78093,0,0,11/12/2013,8,8
3503,1950,Graduation,Divorced,82460,0,0,2/12/2013,9,6
5223,1966,Master,Together,45903,0,1,23-04-2014,8,6
4608,1987,Graduation,Divorced,81361,0,0,25-02-2014,3,6
1626,1973,PhD,Divorced,35860,1,1,19-05-2014,5,4
4764,1952,Master,Together,40442,1,1,19-08-2012,5,5
2471,1965,Graduation,Married,61482,0,0,27-06-2014,4,4
5892,1980,Graduation,Married,34968,1,0,10/4/2013,6,5
2612,1987,Graduation,Married,75794,0,0,24-12-2013,6,5
4971,1962,PhD,Together,31497,0,1,6/12/2012,5,6
5185,1955,Graduation,Married,74268,0,0,14-02-2013,5,6
10069,1988,Basic,Together,13724,1,0,31-08-2012,6,5
2262,1965,Master,Together,45143,0,1,26-08-2013,5,6
1131,1967,PhD,Single,52569,0,1,5/4/2014,9,3
1041,1973,PhD,Single,48432,0,1,18-10-2012,4,6
24,1960,Master,Together,17144,1,1,15-02-2014,7,6
3409,1984,Graduation,Single,36108,1,0,15-10-2013,6,5
7022,1971,Graduation,Married,76445,1,0,28-09-2012,5,5
7943,1975,PhD,Married,36663,1,0,25-04-2014,7,5
5272,1965,Master,Married,53843,0,1,27-06-2013,7,6
5453,1956,Master,Married,90226,0,0,26-09-2012,2,7
2565,1955,Master,Divorced,70638,0,0,1/6/2013,4,5
800,1960,Graduation,Together,44512,1,1,30-08-2013,6,3
11092,1961,Graduation,Married,27116,1,1,2/3/2014,5,3
5062,1963,PhD,Married,54072,1,1,27-07-2013,6,9
8969,1977,Graduation,Married,71855,0,1,16-01-2013,7,5
4656,1990,2n Cycle,Single,51250,1,0,30-03-2013,9,5
4480,1973,Master,Married,60432,0,1,9/3/2014,7,6
9971,1964,PhD,Married,65526,0,1,11/4/2014,3,9
6729,1988,Graduation,Single,68655,0,0,10/8/2012,9,5
1773,1978,2n Cycle,Married,12393,0,0,4/12/2012,8,7
9242,1990,Graduation,Single,64509,0,0,17-08-2013,4,5
1764,1975,Graduation,Single,33955,1,0,9/8/2013,5,5
6215,1977,Graduation,Married,31353,1,1,29-12-2013,7,4
10099,1984,Graduation,Married,55434,1,0,5/10/2013,6,7
5423,1983,Graduation,Together,28359,1,0,27-10-2013,6,10
940,1987,Graduation,Single,57100,1,0,18-05-2014,7,7
3011,1965,Graduation,Married,69139,0,1,27-01-2014,6,7
3298,1956,Master,Married,52973,0,1,8/11/2012,5,6
8286,1965,PhD,Together,51717,0,1,20-08-2013,7,5
9668,1971,Graduation,Married,18793,1,0,12/1/2013,6,8
5120,1982,2n Cycle,Together,66664,0,0,25-09-2012,6,8
6097,1959,Graduation,Single,50664,1,1,16-01-2013,4,11
7019,1963,Graduation,Together,54414,1,1,23-01-2013,3,6
7408,1952,PhD,Married,54549,0,1,3/3/2014,6,3
8041,1971,PhD,Widow,47111,0,1,8/9/2012,5,3
252,1963,PhD,Divorced,41003,0,0,17-03-2013,5,4
9986,1982,Graduation,Together,19444,1,0,22-02-2014,5,11
3276,1976,2n Cycle,Together,36301,1,0,25-10-2013,5,6
3859,1947,PhD,Together,73059,0,1,31-08-2013,7,5
3570,1969,PhD,Together,42731,1,0,21-10-2013,10,6
3783,1959,PhD,Married,52854,1,1,24-03-2014,5,5
10207,1978,Graduation,Together,22775,1,0,19-06-2013,4,7
10906,1948,PhD,Together,46681,0,2,8/10/2013,6,7
3427,1955,PhD,Married,59821,0,1,12/4/2013,1,9
5209,1954,Graduation,Divorced,50002,0,1,17-06-2013,8,6
10711,1945,Graduation,Married,69755,0,0,2/10/2013,3,6
10785,1969,Graduation,Married,44078,1,1,19-06-2014,4,4
2814,1976,Master,Together,30560,1,0,27-06-2013,4,4
6866,1969,Master,Together,35924,1,1,23-03-2014,8,6
1665,1964,PhD,Divorced,64140,0,2,23-09-2013,5,5
6575,1981,Graduation,Together,56386,1,1,27-10-2012,8,7
3829,1979,Basic,Together,24594,1,0,10/12/2013,4,4
3091,1981,2n Cycle,Together,75774,1,0,2/5/2014,3,3
10141,1960,Master,Divorced,39228,0,0,10/5/2013,7,7
5177,1974,Master,Married,58494,0,1,12/12/2013,5,7
7005,1981,Graduation,Single,58684,0,0,16-06-2014,8,5
6409,1967,Graduation,Divorced,57136,0,0,18-05-2013,5,9
7485,1950,PhD,Widow,56551,1,1,7/5/2014,8,7
8079,1982,Graduation,Married,22448,1,0,26-02-2014,8,8
8395,1961,Graduation,Single,82014,0,0,20-08-2012,9,5
10352,1963,Graduation,Widow,34213,1,1,7/9/2012,5,3
4931,1977,Graduation,Together,157146,0,0,29-04-2013,6,8
13,1947,PhD,Widow,25358,0,1,22-07-2013,3,3
1834,1978,Master,Single,35544,1,0,8/3/2014,3,4
2285,1954,Master,Together,36634,0,1,28-05-2013,3,4
2295,1954,PhD,Married,62670,0,1,2/2/2014,6,8
1378,1972,2n Cycle,Together,50334,0,1,24-07-2013,4,6
2781,1981,Graduation,Single,72066,0,0,23-06-2014,6,3
1165,1958,PhD,Single,50729,1,1,2/5/2013,2,8
1404,1968,Graduation,Together,34916,2,0,15-05-2013,8,5
6457,1976,Graduation,Divorced,64892,0,1,29-05-2014,5,6
2639,1966,Graduation,Single,43602,1,1,10/1/2014,4,6
8299,1989,PhD,Single,33996,0,0,11/9/2013,8,4
6437,1985,2n Cycle,Single,41473,1,0,19-06-2013,5,5
6912,1967,PhD,Married,63246,0,2,20-08-2013,6,9
7327,1959,PhD,Married,36732,1,1,29-12-2013,8,8
5299,1970,PhD,Married,69084,1,0,19-11-2013,6,5
4127,1967,PhD,Married,77766,0,1,22-02-2013,4,8
8143,1985,PhD,Single,37929,0,0,30-07-2013,1,7
1964,1951,Graduation,Together,86610,0,0,5/9/2013,5,7
3690,1986,Master,Married,80141,0,0,11/1/2013,5,7
3433,1955,2n Cycle,Married,72635,0,0,3/6/2013,6,5
3389,1970,Graduation,Married,69016,0,1,22-11-2012,4,5
4712,1991,2n Cycle,Together,20193,0,0,28-11-2012,3,8
1170,1975,Graduation,Married,27573,1,0,25-03-2013,7,1
6347,1979,Basic,Single,15862,1,0,27-06-2013,7,7
4065,1976,PhD,Married,49544,1,0,12/2/2013,6,7
8230,1980,Graduation,Married,33228,1,0,23-01-2014,7,3
1215,1978,Graduation,Together,70440,0,0,8/10/2013,1,6
5939,1971,Graduation,Together,38232,1,1,17-01-2014,6,3
2156,1955,PhD,Married,22554,1,1,3/11/2012,6,6
7788,1983,PhD,Married,23536,1,0,4/6/2014,5,5
10323,1952,Graduation,Married,49413,0,1,25-10-2013,3,6
7947,1969,Graduation,Married,42231,1,1,25-03-2014,9,4
1891,1980,Master,Divorced,78789,0,0,8/8/2012,4,3
2570,1968,Graduation,Together,56534,0,1,23-07-2013,5,7
9256,1971,Graduation,Single,58350,0,1,4/1/2013,6,5
295,1989,Graduation,Single,81217,0,0,19-07-2013,4,7
7397,1951,Graduation,Single,49090,0,1,19-07-2013,7,8
6349,1987,Master,Divorced,61787,0,0,6/7/2013,6,1
10790,1985,PhD,Married,18169,1,0,19-02-2013,7,5
10398,1981,2n Cycle,Single,24336,1,0,27-08-2012,6,5
2431,1990,Graduation,Married,18222,0,0,31-12-2012,6,6
550,1952,Graduation,Divorced,62335,0,1,23-05-2013,1,5
1890,1971,2n Cycle,Together,42033,1,1,19-09-2012,6,8
10742,1983,PhD,Married,86580,0,0,27-02-2013,5,4
10356,1957,PhD,Divorced,41437,1,1,22-09-2012,5,7
4676,1951,Master,Widow,73705,0,2,5/3/2014,9,6
8852,1976,Graduation,Married,61064,0,1,31-08-2012,6,6
3565,1955,Master,Married,38452,1,1,30-03-2014,8,4
5294,1989,Graduation,Single,18358,1,0,20-11-2013,8,8
1958,1973,PhD,Together,55012,0,1,21-03-2014,10,6
7349,1973,Basic,Together,9722,1,0,2/10/2012,7,5
8799,1984,PhD,Married,38175,1,0,23-09-2013,3,8
1351,1956,Master,Together,58656,0,1,20-09-2012,8,7
1045,1965,Graduation,Together,52117,0,1,16-08-2012,5,7
7732,1978,Graduation,Married,64813,1,0,2/1/2014,5,8
8070,1973,PhD,Married,54222,0,1,1/3/2014,4,7
477,1986,Graduation,Married,83512,0,0,17-06-2014,9,7
7832,1959,Master,Married,77520,0,1,28-08-2013,6,4
2202,1978,Graduation,Together,41154,0,1,9/4/2013,7,5
7396,1966,Graduation,Married,80398,0,0,10/11/2012,9,8
4055,1992,Basic,Single,18746,1,0,29-05-2014,7,6
10340,1984,Graduation,Together,35196,1,0,13-11-2012,9,6
10091,1956,Graduation,Single,60230,0,1,20-05-2013,2,8
7629,1977,Graduation,Married,22108,1,1,8/5/2014,3,8
10640,1974,Graduation,Together,44392,1,1,5/9/2013,6,8
3498,1976,PhD,Married,55424,0,1,25-11-2012,7,6
6742,1979,Graduation,Married,17688,1,0,13-01-2013,11,5
1172,1983,PhD,Married,92491,0,0,1/5/2013,7,7
569,1991,Graduation,Single,90273,0,0,14-12-2013,5,3
4686,1962,PhD,Widow,82571,0,0,2/4/2014,4,5
1381,1982,PhD,Single,38513,1,0,28-01-2014,4,4
2634,1979,Master,Single,16653,1,0,18-04-2014,3,4
10905,1955,Graduation,Together,42586,1,1,29-10-2012,9,4
1744,1965,Basic,Single,23529,0,1,7/1/2013,3,4
1000,1961,Master,Together,74881,1,1,8/3/2013,3,4
3828,1951,Graduation,Married,71107,0,1,17-02-2013,8,8
8605,1964,PhD,Together,46910,1,1,23-03-2014,10,8
10304,1959,Graduation,Married,18690,0,0,28-12-2012,6,6
4351,1955,Graduation,Divorced,37244,1,1,27-04-2013,4,4
10129,1966,Graduation,Together,82427,0,0,12/3/2014,4,4
2499,1958,2n Cycle,Single,75342,0,1,6/5/2013,8,8
10092,1954,Graduation,Divorced,70044,0,1,18-02-2013,6,6
7500,1967,Graduation,Single,79146,1,1,24-04-2014,10,5
5796,1963,Graduation,Married,77437,0,0,26-11-2013,3,7
10556,1959,Graduation,Married,54984,0,1,24-05-2014,3,7
1064,1971,PhD,Married,42403,1,0,11/12/2013,5,1
48,1964,Graduation,Together,55761,0,1,24-04-2014,5,7
7610,1983,Graduation,Together,37292,1,0,18-04-2013,2,7
263,1945,PhD,Single,45576,0,0,28-05-2014,7,6
10814,1947,Graduation,Together,70321,0,0,16-01-2013,4,4
9710,1969,PhD,Divorced,58086,0,1,20-01-2013,3,5
9292,1952,Graduation,Married,81795,0,0,26-10-2012,4,5
10250,1947,Basic,Together,28389,0,0,20-11-2012,4,7
7881,1946,Master,Married,66835,0,0,28-09-2013,7,4
5847,1969,Graduation,Divorced,69901,0,1,29-05-2013,4,5
737,1949,PhD,Married,80360,0,0,3/3/2013,5,2
3571,1961,PhD,Together,63342,0,1,16-10-2012,5,10
7807,1974,Graduation,Married,44989,0,1,12/9/2012,3,7
3878,1980,2n Cycle,Single,31859,1,0,27-02-2014,9,9
5092,1949,PhD,Widow,51569,0,1,12/2/2013,7,3
2154,1971,Graduation,Widow,30372,1,1,25-12-2012,4,6
5394,1979,Basic,Single,16014,1,1,17-03-2013,4,8
3798,1968,Graduation,Married,41120,1,1,6/11/2013,11,3
3524,1971,Master,Single,39763,1,0,4/8/2013,4,7
5247,1955,PhD,Married,38725,1,1,10/5/2014,3,5
5883,1972,Graduation,Married,77981,1,0,26-05-2013,9,7
2118,1964,2n Cycle,Married,62905,0,1,10/9/2013,3,6
8812,1979,2n Cycle,Divorced,13533,1,0,10/3/2013,6,6
6616,1975,Graduation,Together,59481,0,1,23-10-2013,5,5
2797,1977,Graduation,Married,72117,0,1,20-08-2013,5,6
4328,1986,2n Cycle,Married,21955,1,0,7/9/2013,10,9
9167,1956,Graduation,Married,67131,0,1,26-03-2013,6,6
10560,1980,PhD,Single,36802,1,0,16-06-2014,9,7
2631,1982,Graduation,Together,71853,0,0,8/5/2013,4,6
8312,1961,Basic,Married,28249,0,0,15-06-2014,5,8
5534,1975,Master,Married,47808,0,1,20-10-2013,1,9
5093,1974,PhD,Divorced,25509,1,0,18-09-2012,9,3
7592,1946,PhD,Married,51012,0,0,18-04-2013,6,6
8895,1985,Graduation,Single,70596,0,0,5/10/2012,4,4
8584,1952,PhD,Together,85431,0,0,8/6/2013,5,6
2694,1967,Graduation,Married,42664,0,1,18-03-2014,8,6
8910,1955,Graduation,Together,42586,1,1,29-10-2012,8,3
7433,1985,Graduation,Single,29760,1,0,29-08-2012,8,8
164,1977,PhD,Married,28973,0,0,13-10-2012,6,7
10477,1973,PhD,Together,39435,1,0,6/8/2013,8,4
2681,1984,2n Cycle,Married,65370,0,0,1/8/2013,8,-1
5150,1979,Basic,Single,20194,1,0,17-12-2012,5,6
5283,1976,PhD,Single,42473,1,1,17-02-2014,5,4
9645,1968,Graduation,Married,64590,0,0,14-10-2012,5,7
10678,1959,Graduation,Together,71232,0,1,28-11-2013,5,9
7261,1971,Graduation,Together,34600,1,1,1/1/2013,5,3
9648,1967,Graduation,Single,46904,1,1,3/11/2012,5,5
2870,1973,Graduation,Married,49094,0,1,21-09-2012,10,5
8008,1983,Graduation,Together,36075,1,0,9/12/2013,7,7
1513,1979,2n Cycle,Together,60839,1,1,28-08-2012,6,1
6173,1979,Graduation,Together,77298,0,1,2/11/2013,2,9
1419,1950,Graduation,Together,34026,1,1,5/8/2013,7,5
9150,1963,PhD,Single,48918,1,1,12/4/2014,8,6
7960,1962,2n Cycle,Together,82122,0,0,15-08-2013,7,5
1250,1976,Graduation,Single,37697,1,0,7/2/2014,6,6
9905,1952,Graduation,Together,34074,1,1,13-07-2013,9,3
10691,1960,Master,Married,28520,1,1,14-06-2013,4,4
7002,1955,Graduation,Single,62535,0,1,3/10/2013,3,6
2952,1977,Master,Single,36273,1,0,16-04-2014,7,5
8439,1964,Graduation,Together,63404,0,2,6/6/2014,2,7
762,1981,2n Cycle,Together,75774,1,0,2/5/2014,5,5
2831,1976,Graduation,Together,78416,0,1,27-06-2014,7,4
6977,1974,Graduation,Together,75702,0,1,14-10-2012,6,8
6289,1951,Master,Together,59385,1,1,28-04-2013,7,6
4168,1966,Graduation,Single,37070,1,1,20-03-2013,3,9
8397,1951,Graduation,Married,44689,1,1,10/1/2014,5,8
9284,1958,Graduation,Together,53977,0,1,8/6/2013,6,4
6237,1966,PhD,Single,7144,0,2,7/12/2013,7,8
3130,1964,Graduation,Single,18701,1,1,4/6/2013,8,4
1619,1956,Graduation,Married,90369,0,0,28-04-2014,8,8
1990,1974,PhD,Single,63159,0,0,5/11/2012,7,8
5513,1966,Graduation,Together,37758,1,1,4/10/2012,6,6
269,1963,PhD,Single,46757,0,1,16-11-2012,5,6
8093,1969,Master,Married,79734,0,0,28-06-2014,3,5
10513,1992,Graduation,Together,63207,0,0,20-01-2013,4,7
10177,1954,Graduation,Divorced,72071,0,1,14-02-2013,7,8
2549,1983,PhD,Together,21840,1,0,21-07-2013,4,6
5782,1982,2n Cycle,Together,58582,0,1,28-09-2013,4,9
10057,1951,Graduation,Single,72282,0,0,19-07-2013,7,-1
10307,1956,Graduation,Married,50387,0,2,31-08-2013,8,3
8566,1961,PhD,Together,32583,1,1,15-06-2014,7,4
2415,1962,Graduation,Together,62568,0,1,7/4/2014,8,5
5684,1971,Master,Divorced,44635,1,1,11/10/2013,5,3
8334,1971,Master,Single,33316,1,1,4/10/2013,5,6
9166,1968,Graduation,Married,63967,0,1,9/8/2013,4,6
1440,1978,2n Cycle,Together,52513,0,0,4/9/2012,6,6
78,1969,Graduation,Married,25293,1,0,15-09-2013,7,3
5441,1965,PhD,Widow,54111,0,1,25-08-2013,7,9
5302,1986,Graduation,Together,78394,0,0,15-02-2013,7,7
4687,1958,Master,Married,80739,0,0,23-05-2013,6,9
1087,1975,Master,Together,22669,1,0,22-05-2013,8,7
6859,1987,Graduation,Single,29236,1,0,8/10/2013,4,4
9860,1959,Graduation,Together,44911,0,1,15-03-2013,3,4
7129,1962,PhD,Married,54693,0,1,17-02-2013,6,8
5866,1974,Graduation,Together,48186,1,0,20-03-2014,5,7
10521,1977,Graduation,Married,54809,1,1,11/9/2013,5,3
7393,1978,Graduation,Together,41580,1,1,10/12/2012,4,5
7849,1970,PhD,Married,80336,0,0,9/9/2013,6,8
332,1957,Graduation,Married,47743,0,1,22-03-2013,9,4
9847,1955,2n Cycle,Married,62972,0,1,3/8/2012,4,9
531,1954,PhD,Divorced,57333,0,1,22-09-2012,6,5
9576,1982,PhD,Together,32313,1,0,11/2/2013,8,3
6906,1953,Master,Widow,84953,0,0,3/6/2013,5,10
7419,1968,Master,Divorced,27071,1,0,23-04-2014,8,8
3170,1957,Master,Together,68148,0,0,31-08-2013,3,8
8527,1965,Master,Together,65735,1,1,7/12/2013,7,4
7872,1975,PhD,Married,86836,0,0,12/9/2012,7,5
9931,1963,PhD,Married,4023,1,1,23-06-2014,5,6
10595,1990,Graduation,Married,30093,0,0,8/7/2013,3,7
4609,1966,PhD,Married,57705,0,1,11/1/2014,5,3
5010,1988,Graduation,Single,25008,1,0,2/2/2014,6,8
4427,1995,2n Cycle,Single,83257,0,0,18-09-2012,6,1
11148,1975,Graduation,Together,22280,1,0,19-05-2013,5,7
1168,1978,PhD,Married,72159,0,0,29-10-2012,9,8
9595,1961,Graduation,Together,64260,0,0,11/1/2013,8,6
10163,1984,PhD,Single,82733,0,0,10/9/2013,7,6
2886,1971,Master,Divorced,74290,0,1,12/8/2013,4,6
6710,1951,Master,Single,58217,2,1,17-11-2012,2,2
5316,1976,Master,Together,21024,0,0,4/7/2013,4,2
9029,1972,PhD,Married,70116,0,0,26-01-2013,1,1
521,1985,Graduation,Together,54006,1,0,18-09-2012,7,6
1459,1966,PhD,Married,69063,0,1,7/11/2012,8,6
10241,1975,2n Cycle,Divorced,11448,0,0,15-12-2013,3,8
1630,1979,Graduation,Single,61825,0,1,7/8/2013,6,5
3254,1971,Graduation,Married,70886,1,0,14-10-2013,6,8
9064,1982,Graduation,Married,69109,0,0,9/11/2012,9,9
3678,1973,Graduation,Widow,60208,1,1,7/10/2012,5,5
4227,1968,Master,Together,32889,1,1,6/9/2013,5,5
9467,1984,Graduation,Single,34738,1,0,11/5/2014,7,3
8486,1971,Master,Together,30538,1,0,1/10/2012,8,5
2186,1977,2n Cycle,Together,82326,0,0,10/3/2014,5,6
3286,1967,PhD,Divorced,26642,1,0,1/3/2014,9,7
8602,1964,Graduation,Divorced,69932,0,1,12/6/2013,3,7
3722,1972,Graduation,Single,44503,1,1,16-04-2014,6,7
6715,1948,PhD,Single,60200,0,1,2/1/2013,4,5
4796,1952,Graduation,Divorced,49638,0,1,19-04-2014,3,6
9612,1987,2n Cycle,Single,23830,0,0,7/2/2014,8,6
3766,1959,Master,Widow,33051,0,0,16-08-2012,5,5
1399,1958,Graduation,Married,72905,0,0,21-01-2014,8,8
1570,1951,PhD,Together,69702,0,1,19-02-2013,7,6
3426,1975,Graduation,Divorced,70300,1,0,15-07-2013,6,6
3074,1984,PhD,Married,70643,0,0,15-10-2012,4,4
8341,1969,PhD,Married,30396,1,0,30-04-2014,7,6
5180,1968,PhD,Divorced,50616,0,1,18-04-2014,5,5
6461,1969,Master,Single,62772,0,1,19-05-2013,8,4
7679,1985,PhD,Single,30298,0,0,19-05-2014,5,5
10702,1984,Graduation,Single,52413,1,0,3/11/2012,6,7
7505,1957,PhD,Married,44155,1,1,19-01-2014,6,2
5113,1971,PhD,Divorced,86979,0,0,7/11/2013,8,2
10858,1975,Graduation,Together,76532,1,1,9/9/2013,4,5
2961,1982,Graduation,Married,42081,1,0,26-02-2013,5,8
2747,1988,PhD,Married,67546,0,0,31-08-2012,8,4
3010,1989,Master,Together,88420,0,0,2/5/2014,5,7
5790,1985,Graduation,Married,31158,1,0,27-01-2013,7,3
6892,1968,Graduation,Divorced,61671,0,1,3/6/2014,8,8
1743,1974,Graduation,Single,69719,0,0,26-05-2014,4,5
3578,1949,Graduation,Divorced,49160,0,1,20-10-2013,6,4
8462,1978,Basic,Together,24882,1,0,9/9/2012,6,5
5558,1954,PhD,Single,90933,0,0,31-03-2014,9,4
4619,1945,PhD,Single,113734,0,0,28-05-2014,7,6
8780,1950,PhD,Together,59292,0,1,13-06-2013,8,9
10789,1964,PhD,Married,45759,1,1,23-02-2013,6,7
10779,1983,Graduation,Single,22148,0,0,13-04-2014,3,5
5896,1987,Master,Married,73395,0,0,18-03-2014,6,7
2337,1971,Graduation,Divorced,29819,1,0,24-10-2013,5,7
10951,1968,Graduation,Married,45688,0,1,25-01-2014,8,2
544,1954,Graduation,Married,62820,0,0,11/5/2013,5,6
17,1971,PhD,Married,60491,0,1,6/9/2013,2,4
10680,1986,Graduation,Together,33235,1,0,5/2/2014,4,6
3265,1959,Graduation,Married,35701,0,0,19-03-2013,3,6
5623,1980,Master,Married,31535,1,0,26-09-2013,4,4
5832,1960,2n Cycle,Together,92556,0,0,20-04-2014,5,5
5544,1970,Graduation,Single,67384,0,1,10/11/2012,4,5
6417,1971,Master,Together,80573,0,0,14-10-2012,14,6
5831,1967,Graduation,Married,77870,0,1,22-08-2012,6,5
7101,1963,PhD,Widow,52278,0,1,25-01-2013,8,8
10176,1968,Graduation,Single,57107,0,1,24-08-2012,5,7
2326,1990,Graduation,Married,18929,0,0,16-02-2013,8,3
4385,1981,PhD,Single,36038,1,0,31-05-2013,6,4
2929,1976,Graduation,Single,20180,0,0,20-02-2013,6,4
10686,1965,PhD,Together,34230,1,1,26-12-2012,4,6
2546,1977,2n Cycle,Single,31878,0,1,22-06-2014,4,10
3283,1972,2n Cycle,Married,70932,0,1,19-01-2014,8,6
3138,1956,Graduation,Single,91249,0,0,20-10-2012,10,7
4994,1943,Master,Single,77598,0,0,1/10/2013,5,6
7966,1959,Graduation,Single,80982,1,1,8/1/2013,5,5
3112,1977,Master,Married,22701,1,0,5/9/2013,6,8
10872,1969,PhD,Married,55212,0,1,23-11-2012,8,8
2181,1970,Graduation,Married,70617,0,0,23-06-2013,9,2
1867,1957,Graduation,Single,64849,0,0,13-11-2012,7,8
1518,1965,Master,Married,62694,1,1,17-06-2013,9,4
5734,1974,PhD,Married,61917,1,1,20-11-2013,11,4
2878,1947,PhD,Married,67472,0,1,28-09-2013,5,4
1458,1982,Master,Married,21059,1,0,7/1/2014,5,4
7007,1968,Master,Married,29543,2,0,1/4/2014,6,8
6200,1951,Graduation,Married,75903,0,1,8/4/2013,9,5
1403,1975,2n Cycle,Together,34984,1,1,6/9/2012,5,6
4827,1956,PhD,Single,54998,0,1,10/3/2013,7,5
6250,1949,PhD,Widow,54356,0,1,19-11-2012,8,3
9291,1959,Master,Married,34242,0,1,23-03-2014,8,9
2478,1973,Graduation,Married,25410,1,0,31-08-2013,10,9
1139,1984,PhD,Married,73356,0,0,6/2/2014,5,8
5138,1950,Graduation,Together,28320,0,1,14-01-2013,3,7
5393,1977,Graduation,Single,23763,1,0,7/8/2012,3,7
10413,1984,Graduation,Married,72570,0,0,25-04-2014,3,8
5015,1976,Master,Married,34529,1,0,14-09-2012,9,5
10868,1951,Graduation,Widow,70792,0,0,6/2/2013,3,4
10676,1982,Graduation,Married,63211,0,0,2/11/2012,6,6
2495,1974,Master,Married,83891,0,1,20-06-2014,3,4
7842,1968,Graduation,Single,36065,1,1,31-03-2013,5,6
9955,1954,Graduation,Together,39898,0,1,12/2/2013,3,9
6663,1940,PhD,Single,51141,0,0,8/7/2013,7,3
2162,1976,Graduation,Married,56939,0,1,18-09-2013,4,6
3434,1951,Graduation,Single,80872,0,0,12/5/2014,6,1
7919,1976,PhD,Together,72335,0,0,13-08-2012,5,8
5626,1964,PhD,Single,61798,0,0,23-11-2013,4,5
6428,1950,PhD,Widow,76842,0,0,3/5/2014,8,8
8514,1976,Graduation,Together,29478,1,0,17-01-2014,1,5
10448,1956,Graduation,Single,46998,0,1,22-10-2012,5,3
2109,1990,Graduation,Single,96843,0,0,23-04-2013,8,7
7530,1950,PhD,Widow,56551,1,1,7/5/2014,6,3
8925,1965,Master,Married,70053,0,1,3/7/2013,7,9
3009,1962,PhD,Widow,71670,0,0,9/7/2013,9,5
6355,1978,Graduation,Married,44359,1,1,17-06-2014,4,6
3517,1952,Graduation,Single,40887,1,1,6/5/2013,4,6
1158,1966,Graduation,Divorced,48877,0,1,5/1/2014,4,7
6203,1947,Graduation,Together,74485,0,0,24-08-2013,6,3
7165,1972,Graduation,Together,64474,0,1,22-10-2013,8,7
3595,1963,Graduation,Together,77226,0,1,28-02-2014,4,5
8537,1949,Graduation,Widow,72643,0,0,27-02-2013,2,7
4331,1978,Master,Together,85738,0,0,23-01-2014,3,1
6281,1966,Graduation,Divorced,55686,0,1,14-02-2013,3,8
4338,1983,Graduation,Single,39062,1,0,25-03-2014,5,8
2452,1971,Graduation,Together,34600,1,1,1/1/2013,6,7
9507,1975,Graduation,Married,40794,0,1,7/4/2013,4,5
8360,1971,2n Cycle,Married,54690,1,1,7/11/2013,5,8
10311,1969,Graduation,Married,4428,0,1,5/10/2013,6,2
5117,1963,2n Cycle,Married,32632,0,0,2/8/2012,6,4
4867,1968,PhD,Single,38236,1,1,20-09-2013,2,8
9289,1979,Graduation,Married,36781,1,0,10/4/2014,4,4
10913,1984,Master,Single,31385,1,0,5/12/2012,8,5
3032,1984,Graduation,Married,24570,1,0,27-02-2013,3,5
8524,1974,PhD,Divorced,25509,1,0,18-09-2012,5,7
3334,1951,Graduation,Married,94642,0,0,12/2/2014,6,10
4470,1962,Master,Married,58646,0,1,10/6/2013,6,6
1406,1975,Graduation,Single,53201,1,1,12/2/2013,4,5
8619,1957,Graduation,Together,21994,0,1,24-12-2012,9,4
10821,1978,Graduation,Married,57113,1,1,6/2/2013,8,8
4552,1991,Graduation,Married,51373,0,0,22-06-2013,8,7
898,1986,Graduation,Married,23477,1,0,21-10-2013,4,8
9797,1956,Graduation,Married,58116,0,1,13-04-2014,9,6
10949,1963,PhD,Divorced,72968,0,0,16-12-2013,4,7
8212,1971,Master,Married,39791,0,1,28-03-2013,3,7
6248,1947,Master,Single,91712,0,0,17-10-2013,6,8
10164,1958,Graduation,Single,94472,0,1,3/4/2014,6,8
4547,1960,Graduation,Together,13672,1,1,17-04-2013,3,6
6815,1980,2n Cycle,Married,96547,0,0,23-05-2014,9,8
4122,1975,Graduation,Married,79205,0,0,29-08-2012,2,7
10841,1975,PhD,Together,56559,0,1,25-12-2012,6,4
5370,1973,PhD,Married,32644,1,0,16-01-2013,2,6
176,1980,2n Cycle,Single,67506,0,1,2/1/2014,5,4
4860,1970,Graduation,Single,24206,1,0,8/3/2013,6,3
10757,1967,PhD,Divorced,28420,1,0,24-12-2013,6,10
4023,1970,Graduation,Married,22979,1,0,6/9/2012,6,4
6679,1966,Graduation,Single,33279,0,0,12/6/2014,5,2
9923,1972,Master,Single,46423,1,1,18-09-2013,4,7
7181,1977,Graduation,Married,30368,0,1,7/11/2013,3,8
3599,1970,Graduation,Married,63684,0,1,26-11-2012,8,8
405,1964,Graduation,Divorced,41638,0,1,13-02-2013,7,6
6870,1959,PhD,Divorced,68805,0,1,17-09-2013,11,3
832,1966,PhD,Together,65814,0,1,2/3/2014,1,5
2002,1958,Graduation,Divorced,71964,0,0,20-05-2013,4,5
3657,1986,Graduation,Single,39146,1,0,14-02-2013,7,4
500,1977,Graduation,Together,96876,0,0,6/8/2013,8,7
1951,1981,Basic,Married,34445,0,0,27-01-2013,3,8
3262,1958,Graduation,Single,68281,0,0,7/8/2012,2,7
4102,1975,2n Cycle,Married,37284,1,1,29-03-2013,4,6
7042,1983,Graduation,Married,36790,0,0,1/3/2013,2,11
10598,1967,Graduation,Together,27943,1,1,15-04-2013,5,6
255,1951,Graduation,Divorced,22263,1,1,30-03-2014,4,4
2375,1972,Graduation,Together,30261,1,2,25-09-2012,7,9
9829,1978,Graduation,Together,28587,1,0,12/2/2014,8,5
6214,1982,Master,Married,43815,1,0,5/4/2013,8,5
4954,1956,Graduation,Married,48195,1,1,21-01-2014,6,4
7861,1952,Master,Married,77027,0,1,5/2/2014,2,7
4837,1965,PhD,Married,71322,0,1,16-02-2013,8,7
9423,1979,Master,Married,32765,1,0,23-02-2014,4,9
4198,1965,Graduation,Together,29672,1,1,12/3/2013,7,4
153,1953,Graduation,Divorced,23272,0,0,17-10-2013,4,6
9323,1949,Master,Together,49912,0,1,7/9/2012,6,8
10001,1985,2n Cycle,Together,7500,1,0,1/8/2012,6,4
3945,1947,PhD,Widow,68117,0,1,10/3/2013,5,10
3799,1955,Graduation,Married,67225,0,1,26-11-2013,7,4
8625,1976,Graduation,Married,17649,1,0,12/11/2013,7,10
3491,1975,Graduation,Together,55914,0,1,29-04-2013,7,5
983,1984,Graduation,Married,40059,1,0,28-09-2013,5,9
9119,1950,Graduation,Together,60905,0,1,5/12/2013,6,5
4786,1977,Graduation,Married,75330,1,1,4/10/2012,4,6
5872,1951,Graduation,Single,60689,0,1,1/6/2013,2,7
6568,1984,Graduation,Married,38680,1,0,28-03-2013,7,4
5628,1982,Graduation,Together,61416,0,0,8/2/2013,6,5
5631,1991,Graduation,Single,49767,0,0,2/5/2013,3,5
4974,1970,Graduation,Single,83273,1,2,25-09-2012,7,6
8416,1981,Graduation,Married,29009,1,0,29-11-2013,6,4
5454,1979,Master,Married,45057,1,0,1/12/2013,5,3
4095,1971,Graduation,Married,37150,1,0,11/9/2012,4,2
5474,1970,Graduation,Single,43020,1,0,30-11-2013,9,5
4268,1959,Graduation,Married,53154,0,1,9/6/2014,1,11
10701,1973,Graduation,Married,65308,0,0,11/9/2013,6,8
3507,1970,Graduation,Single,76467,1,0,17-08-2012,5,4
2079,1947,2n Cycle,Married,81044,0,0,27-12-2013,3,7
626,1951,Graduation,Married,32871,1,1,9/3/2013,7,6
4426,1975,Graduation,Single,55801,1,1,22-09-2013,8,8
2591,1959,Graduation,Widow,76320,0,1,22-06-2014,5,3
10509,1955,Master,Single,36927,1,1,2/6/2014,3,7
6382,1953,Graduation,Together,48794,1,1,26-06-2014,4,7
6673,1965,Graduation,Single,23478,0,0,19-03-2013,10,4
7441,1973,Graduation,Divorced,71128,1,0,6/10/2012,5,4
1071,1976,PhD,Divorced,70179,0,1,21-07-2013,3,5
10061,1950,Graduation,Married,59462,0,1,5/1/2013,7,6
7187,1969,Master,Together,,1,1,18-05-2013,5,7
8775,1969,Graduation,Together,38361,1,0,27-12-2013,4,3
1612,1981,PhD,Single,,1,0,31-05-2013,5,6
2345,1982,PhD,Together,70038,0,0,25-10-2013,8,6
322,1978,Graduation,Together,42554,1,1,12/1/2013,7,2
10897,1974,Graduation,Married,67445,0,1,12/8/2012,8,7
123,1951,Graduation,Widow,67046,0,1,6/1/2013,6,5
6103,1948,Graduation,Married,42192,0,0,6/9/2013,7,5
7899,1952,PhD,Married,77610,0,1,29-10-2012,7,6
10500,1984,Graduation,Married,31761,1,0,5/4/2014,4,6
1655,1979,Graduation,Together,34350,1,0,19-10-2013,6,7
2406,1949,Graduation,Together,54591,0,1,5/8/2013,5,6
2712,1956,Graduation,Married,71866,0,1,25-12-2013,3,6
5517,1969,Graduation,Married,25293,1,0,15-09-2013,6,3
10643,1987,PhD,Single,42000,0,0,10/1/2013,3,5
2254,1983,Graduation,Married,69520,0,0,7/7/2013,5,6
10281,1970,Graduation,Divorced,64713,1,0,7/2/2014,7,7
6958,1977,Master,Married,27889,1,0,5/7/2013,6,7
954,1960,Basic,Widow,22123,0,0,27-03-2014,9,8
5079,1971,Graduation,Married,,1,1,3/3/2013,5,6
10339,1954,Master,Together,,0,1,23-06-2013,5,6
4643,1973,Graduation,Married,27803,1,0,26-08-2012,3,5
3117,1955,Graduation,Single,,0,1,18-10-2013,4,11
6497,1960,Graduation,Married,51651,0,1,7/11/2012,3,8
5396,1988,Graduation,Married,68487,0,0,13-01-2013,5,4
5250,1943,Master,Widow,,0,0,30-10-2013,7,4
1052,1969,Graduation,Married,56796,0,1,16-02-2013,4,8
2802,1992,2n Cycle,Married,87000,0,0,15-12-2012,4,6
6343,1959,Graduation,Married,79823,0,1,31-03-2014,8,8
6507,1980,Graduation,Single,30828,1,0,4/10/2013,4,4
7901,1971,Master,Married,34109,0,1,6/11/2013,1,5
4865,1974,Master,Divorced,53367,1,1,31-08-2013,4,6
2686,1969,Basic,Together,22390,0,0,21-10-2013,3,5
3107,1976,Graduation,Together,71322,0,1,2/5/2014,5,7
7734,1993,Graduation,Absurd,79244,0,0,19-12-2012,6,8
1146,1949,Master,Together,49912,0,1,7/9/2012,5,8
11031,1950,PhD,Married,48699,1,1,21-05-2013,1,6
7428,1975,Graduation,Together,80144,0,0,30-09-2013,7,7
975,1956,Graduation,Single,54252,1,1,28-05-2013,10,5
1103,1976,Master,Married,81929,1,0,29-09-2012,4,7
3422,1975,Graduation,Married,76068,0,1,29-11-2012,7,9
1055,1976,Master,Married,53204,1,1,20-03-2014,3,3
6544,1949,PhD,Together,67911,0,1,22-05-2014,6,7
1241,1984,2n Cycle,Married,14796,1,0,17-09-2012,7,8
2909,1974,PhD,Married,78128,0,1,19-02-2014,3,4
5802,1972,Basic,Married,14188,0,0,28-02-2013,8,6
1407,1986,Basic,Married,20425,1,0,29-10-2012,5,6
6183,1962,Master,Married,58646,0,1,10/6/2013,1,3
340,1970,Graduation,Divorced,72967,0,1,15-12-2012,3,6
5991,1949,Master,Married,48150,0,1,8/6/2013,2,7
3104,1961,Graduation,Single,82332,0,0,17-09-2012,7,8
9729,1955,Graduation,Widow,58275,1,1,2/6/2013,3,9
1008,1981,PhD,Together,44953,0,0,21-12-2012,9,6
11091,1953,Graduation,Together,34587,1,1,16-05-2014,9,6
3969,1974,Master,Together,43018,0,1,1/11/2013,5,5
1916,1954,Master,Married,45736,0,1,24-07-2013,8,4
9907,1969,Master,Together,66476,0,1,4/12/2013,7,6
87,1981,2n Cycle,Married,27733,1,0,26-08-2013,3,5
8659,1952,PhD,Together,69805,0,1,21-01-2014,7,4
6262,1962,Master,Single,72217,0,0,10/4/2013,4,5
6147,1971,Graduation,Divorced,25818,1,0,18-10-2012,3,4
8832,1976,Master,Together,37509,1,0,12/9/2012,7,8
10067,1976,2n Cycle,Together,25176,1,1,10/8/2013,4,2
7532,1980,Graduation,Married,43586,0,1,30-08-2012,3,6
4915,1956,2n Cycle,Married,53230,0,1,3/8/2012,5,5
2115,1957,Graduation,Together,50116,1,1,20-06-2014,3,4
2088,1972,Graduation,Together,84906,0,0,4/10/2013,4,6
2493,1966,Graduation,Married,61286,0,1,2/8/2013,7,5
6292,1986,PhD,Married,82333,0,0,30-03-2013,8,5
1631,1965,PhD,Together,65220,0,0,3/9/2012,5,8
10104,1974,Graduation,Together,33590,2,1,3/11/2013,8,7
3006,1976,Graduation,Divorced,30992,1,0,22-04-2013,5,4
3919,1976,Master,Single,72309,0,0,11/3/2013,8,8
11181,1949,PhD,Married,156924,0,0,29-08-2013,3,10
642,1980,Basic,Married,16005,1,0,14-08-2012,9,8
4369,1957,Master,Absurd,65487,0,0,10/1/2014,6,7
10127,1965,Graduation,Married,58692,0,1,6/4/2014,5,5
271,1969,Graduation,Widow,40590,1,1,2/10/2013,8,8
4973,1970,Graduation,Single,20587,1,0,11/5/2014,6,5
2948,1954,Master,Divorced,62637,0,1,1/3/2014,7,5
